{"0": {"Fresh": 5418.527559055121, 
	"Milk": 2336.0393700787477, 
	"Grocery": 2704.0551181102255, 
	"Frozen": 2616.4330708661414, 
	"Detergents_Paper": 661.5590551181126, 
	"Delicassen": 890.5826771653535}, 
"1": {"Fresh": 30713.358974358984, 
	"Milk": 5061.538461538461, 
	"Grocery": 5705.846153846154, 
	"Frozen": 4172.589743589743, 
	"Detergents_Paper": 1114.384615384616, 
	"Delicassen": 1832.4102564102554}, 
"2": {"Fresh": 4494.77142857142, 
	"Milk": 7668.04285714286, 
	"Grocery": 10390.185714285717, 
	"Frozen": 1341.07142857143, 
	"Detergents_Paper": 4514.342857142858, 
	"Delicassen": 1299.857142857143}, 
"3": {"Fresh": 5483.9999999999945, 
	"Milk": 13822.027027027034,
	"Grocery": 21082.675675675666, 
	"Frozen": 1890.2432432432424, 
	"Detergents_Paper": 9414.000000000004, 
	"Delicassen": 1745.1351351351354}, 
"4": {"Fresh": 16257.510416666657, 
	"Milk": 3062.3020833333358, 
	"Grocery": 4452.458333333336, 
	"Frozen": 3190.895833333333, 
	"Detergents_Paper": 1049.208333333332, 
	"Delicassen": 1258.6666666666667}}